sentence,actual,predicted
i would like to find a flight from charlotte to las vegas that makes a stop in st. louis,flight,flight_no
on april first i need a ticket from tacoma to san jose departing before 7 am,airfare,airfare
on april first i need a flight going from phoenix to san diego,flight,flight
i would like a flight traveling one way from phoenix to san diego on april first,flight,airline
i would like a flight from orlando to salt lake city for april first on delta airlines,flight,flight
i need a flight from toronto to newark one way leaving wednesday evening or thursday morning,flight,flight
monday morning i would like to fly from columbus to indianapolis,flight,flight
on wednesday april sixth i would like to fly from long beach to columbus after 3 pm,flight,flight
after 12 pm on wednesday april sixth i would like to fly from long beach to columbus,flight,flight
are there any flights from long beach to columbus on wednesday april sixth,flight,flight
find a flight from memphis to tacoma dinner,flight,flight
on next wednesday flight from kansas city to chicago should arrive in chicago around 7 pm return flight on thursday,flight,flight_time
show flight and prices kansas city to chicago on next wednesday arriving in chicago by 7 pm,flight+airfare,flight+airfare
flight on american from miami to chicago arrive in chicago about 5 pm,flight,flight
find flights arriving new york city next saturday,flight,flight
find nonstop flights from salt lake city to new york on saturday april ninth,flight,flight
show flights from burbank to milwaukee for today,flight,flight
show flights tomorrow evening from milwaukee to st. louis,flight,flight
show flights saturday evening from st. louis to burbank,flight,flight
show flights from burbank to st. louis on monday,flight,aircraft
show flights from burbank to milwaukee on monday,flight,flight
show flights tuesday evening from milwaukee to st. louis,flight,flight
show flights wednesday evening from st. louis to burbank,flight,flight
which flights travel from kansas city to los angeles,flight,flight
what flights travel from las vegas to los angeles,flight,flight
which flights travel from kansas city to los angeles on april ninth,flight,flight
which flights travel from las vegas to los angeles california and arrive on april ninth between 4 and 5 pm,flight,flight
which flights on us air go from orlando to cleveland,flight,flight
which flights travel from cleveland to indianapolis on april fifth,flight,flight
which flights travel from indianapolis to san diego on april fifth,flight,flight
which flights go from cleveland to indianapolis on april fifth,flight,flight
which flights travel from nashville to tacoma,flight,flight
does tacoma airport offer transportation from the airport to the downtown area,ground_service,ground_service
which flights travel from tacoma to san jose,flight,flight
what day of the week do flights from nashville to tacoma fly on,<unk_intent>,<unk_intent>
what are the flights from tacoma to san jose,flight,flight
what days of the week do flights from san jose to nashville fly on,<unk_intent>,<unk_intent>
what are the flights from tacoma to san jose,flight,flight
i need a flight that goes from boston to orlando,flight,flight
are there any flights from boston to orlando connecting in new york,flight,flight
are there any flights from boston to orlando connecting in columbus,flight,flight
does this flight serve dinner,flight,flight
i need a flight from charlotte to miami,flight,flight
i need a nonstop flight from miami to toronto,flight,flight
i need a nonstop flight from toronto to st. louis,flight,flight
i need a flight from toronto to st. louis,flight,flight
i need a flight from st. louis to charlotte,flight,flight
i need a flight on united airlines from la guardia to san jose,flight,flight
i need a flight from tampa to milwaukee,flight,quantity
i need a flight from milwaukee to seattle,flight,flight
what meals are served on american flight <unk> from tampa to milwaukee,meal,meal
what meals are served on american flight <unk> <unk> from milwaukee to seattle,meal,meal
i need a flight from memphis to las vegas,flight,flight
i need a flight from las vegas to ontario,flight,flight
i need a flight from ontario to memphis,flight,flight
which flights go from milwaukee to tampa and stop in nashville,flight,flight
which flights leave newark after noon next saturday and arrive in los angeles,flight,flight
which flights leave detroit and arrive at st. petersburg around 9 am,flight,flight
which flights on northwest airline leave detroit and arrive at st. petersburg,flight,flight
which flights leave chicago next tuesday and arrive in detroit around 6 pm,flight,airport
show me round trip flights from chicago to detroit leaving next tuesday and returning the day after,flight,flight
which round trip flights leave chicago next tuesday around 6 pm and arrive in detroit,flight,flight
which round trip flights leave chicago next tuesday and arrive in detroit around 6 pm,flight,flight
which flights leave on monday from montreal and arrive in chicago in the morning,flight,flight
which flights leave chicago on april twelfth and arrive in indianapolis in the morning,flight,flight
which flights leave on wednesday april thirteenth from indianapolis and arrive in montreal in the morning,flight,capacity
which flights leave april twelfth from indianapolis and arrive in montreal around 10 pm,flight,flight
i 'd like to go from long beach to st. louis and i 'd like to stop in dallas i 'd also like to have lunch during my flight,flight,flight
next wednesday i would like to leave kansas city on a trip to chicago which arrives in chicago around 7 pm,flight,flight
i would like to return from chicago around 7 pm to kansas city,flight,flight
i would like to leave this afternoon on an american flight from cincinnati to burbank,flight,ground_service
on sunday evening i would like to leave montreal quebec on a flight to san diego california,flight,flight
what are the flights on sunday from montreal quebec to san diego california,flight,flight
on tuesday are the flights from san diego california to indianapolis indiana i would like the flight to be in the afternoon,flight,flight
on thursday morning i would like a nonstop flight from indianapolis to toronto,flight,flight
on friday morning i would like to fly from toronto to montreal,flight,flight
i would like an early morning flight today from los angeles to charlotte,flight,flight
on wednesday night i would like a flight from charlotte to newark,flight,flight
on friday night i would like a flight from newark to los angeles,flight,flight
find a flight from tampa to montreal by way of new york,flight,flight
please find a flight from miami florida to las vegas nevada arriving before 4 o'clock pm,flight,airport
please find a flight from las vegas to michigan,flight,flight
please find a flight from detroit michigan to st. petersburg arriving before 10 pm,flight,flight
please find a flight from st. petersburg to miami on thursday,flight,flight
please find a flight from san diego to toronto on alaska airlines,flight,flight
please find the flights from columbus to houston with a layover in nashville tomorrow,flight,flight
please give me the flights from nashville to houston nonstop with dinner served,flight,flight
please find flights available from kansas city to newark,flight,airport
please find a flight that goes from kansas city to newark to orlando back to kansas city,flight,flight
please find a flight from kansas city to newark,flight,flight
please find a flight from newark to orlando,flight,flight
please find a flight from orlando to kansas city,flight,flight
i would like to fly from columbus to phoenix through cincinnati in the afternoon,flight,flight
i would like to know what airports are in los angeles,airport,ground_service
does the airport at burbank have a flight that <unk> in from kansas city,flight,flight
which flights arrive in burbank from kansas city on saturdays in the afternoon,flight,flight
which flights arrive in burbank from las vegas on saturday april twenty third in the afternoon,flight,flight
which flights are available from orlando to cleveland that arrive around 10 pm,flight,flight
what flights are available from indianapolis to san diego on april twenty first in the late afternoon,flight,flight
what flights leave cleveland going to indianapolis on april twenty first in the morning,flight,flight
which flights are available on april twenty first in the morning from nashville to tacoma,flight,flight
which flights are available from tacoma to san jose in the morning on april twenty second,flight,flight
which flights are available from san jose to nashville leaving in the morning on april twenty three,flight,flight
what is the most expensive one way fare between detroit and westchester county,airfare,airfare
what airlines fly between detroit and westchester county,airline,airline
what are the departure times from detroit to westchester county,flight_time,flight_time
what is the latest flight from baltimore to oakland that serves dinner,flight,flight
what is the earliest flight between baltimore and oakland that serves breakfast,flight,flight
to what cities from boston does america west fly first class,city,capacity
what airline flies from boston to san diego,airline,airline
what is the latest breakfast flight from dallas to tampa,flight,flight
show me all lufthansa flights from seattle to boston with stopovers in minneapolis,flight,flight
show me all flights from seattle to boston with stopovers in minneapolis,flight,airfare
list philadelphia to san francisco flights with stopovers in dallas,flight,flight
show me the connecting flights between boston and denver and the types of aircraft used,flight,flight_time
show me all the morning flights from philadelphia to fort worth,flight,flight
show me all the flights from kansas city to st. paul,flight,flight
show me northwest flight <unk> from kansas city to st. paul,flight,ground_fare
show me all the flights from indianapolis to charlotte on monday,flight,flight
what is the ground transportation between the charlotte airport charlotte airport and downtown charlotte,ground_service,ground_service
show me all the flights from charlotte to minneapolis that leave at 2 pm or later on monday,flight,flight
show me all the flights from charlotte to minneapolis on tuesday morning,flight,flight
show me the direct flights from charlotte to minneapolis on tuesday morning,flight,flight
show me flight us 1500 on monday from charlotte to minneapolis please,flight,flight
show me all the flights from minneapolis to indianapolis on tuesday that leave after 2 pm,flight,flight
show me the flights from minneapolis to indiana,flight,flight
show me the flights in from minneapolis to indianapolis on tuesday afternoon,flight,flight
show me flight us <unk> from indianapolis to charlotte on monday and flight us 1500 from charlotte to minneapolis on monday and flight twa <unk> from minneapolis to indianapolis,flight,flight
show me all the flights from las vegas to new york city,flight,airfare
which different airlines go from las vegas to new york city,airline,airline
show me all the flights on america west and twa from las vegas to jfk on a friday,flight,flight
what are the flights from tacoma to miami that leave after 6 pm tomorrow,flight,ground_fare
i 'd like to fly from san diego to houston on june tenth,flight,flight
is there an american airlines flight from houston to newark on june tenth after 6 pm,flight,flight
is there an american airlines flight from houston to newark on june tenth after 3 pm,flight,flight
i need to get from cincinnati to denver on june sixth by 6 pm,flight,flight
what 's the ground transportation in denver,ground_service,ground_service
what 's the fare for a taxi to denver,ground_fare,ground_fare
what are the fares for ground transportation in denver,ground_fare,ground_fare
i need to fly from denver to westchester county on june seventh after 3 pm,flight,flight
what 's the ground transportation in westchester county,ground_service,ground_service
i need to take a united airlines flight on june eighth from westchester county to cincinnati after 3 pm,flight,ground_service
what united airlines flights on june eighth go from westchester county to cincinnati,flight,flight
on june eighth what flights go from westchester county to cincinnati,flight,flight
does us air fly from cincinnati to denver on june sixth,flight,flight
list the flights from cincinnati to denver on june sixth,flight,flight
list the flights from denver to westchester county on june seventh,flight,flight
list the flights from westchester county to cincinnati on june eighth,flight,flight
list the flights from cincinnati to westchester county on june sixth,flight,flight
list the flights from westchester county to denver on june seventh,flight,flight
list the flights from denver to cincinnati on june eighth,flight,flight
list the flights from denver to cincinnati on june sixth after 4 pm,flight,flight
list the flights from cincinnati to westchester county on june seventh,flight,flight
list the flights from westchester county to cincinnati on june seventh leaving after 5 pm,flight,flight
what airlines off from love field between 6 and 10 am on june sixth,airline,airline
what flights arrive at love field on june sixth,flight,flight
list the flights from montreal to philly before 9 am,flight,distance
list the flights from cleveland to memphis,flight,flight
list the flights from memphis to cleveland,flight,flight
list the flights from denver to baltimore arriving on july first,flight,flight
list the flights from dallas to baltimore arriving july first,flight,flight
list the flights from pittsburgh to baltimore arriving on july first,flight,flight_no
list the flights on canadian airlines international,flight,flight
how many canadian airlines international flights use j31,quantity,capacity
how many canadian airlines international flights use aircraft <unk>,quantity,quantity
how many canadian airlines flights use aircraft <unk>,quantity,meal
show me the flights on american airlines which fly from st. petersburg to ontario canada with a stopover in st. louis,flight,flight
show me the flights on american airlines which go from st. petersburg to ontario california by way of st. louis,flight,flight
which airport is closest to ontario california,airport,airport
show me the flights from houston to orlando,flight,aircraft
show me the flights from orlando to houston,flight,flight
show me the flights from detroit to las vegas,flight,flight
show me the cheapest round trip coach fare from las vegas to detroit,airfare,airfare
show me the cheapest round trip coach fare on twa from las vegas to detroit,airfare,airfare
show me the delta flights which serve a snack to coach passengers,flight,flight
what is meal code <unk>,abbreviation,abbreviation
what meals are available on dl <unk> which <unk> arrives in san francisco at <unk> am,meal,meal
show me the delta flights from tampa to san francisco,flight,flight
show me delta flight <unk>,flight,flight
list the tower air flights on mondays,flight,flight
list all tower air flights with meals,flight,flight
what flights depart from baltimore,flight,flight
what flights depart from baltimore and arrive at san francisco on a friday,flight,meal
what flights leave from cincinnati in the morning and arrive in tampa,flight,flight
which flights depart from tampa and arrive in cincinnati in the evening,flight,flight
which flights depart from tampa in the early evening and arrive in cincinnati,flight,flight
which flights depart from philadelphia and arrive in atlanta,flight,flight
which flights depart from a atlanta and arrive in toronto,flight,flight
which flights depart from toronto and arrive in washington dc,flight,flight
which flights depart from new york and arrive in los angeles after 10 am,flight,flight
how far is new york 's la guardia from downtown,distance,distance
how far is toronto international from downtown,distance,distance
how far is los angeles international from downtown,distance,distance
how far is san francisco international from downtown,distance,distance
how much is the limousine service in boston,ground_fare,ground_fare
how much is a limousine service in la guardia,ground_fare,ground_fare
how much is a limousine service in toronto international,ground_fare,ground_fare
how much is limousine service in los angeles,ground_fare,ground_fare
what airlines fly between washington dc and columbus ohio,airline,airline
what flights are there between washington dc and columbus ohio,flight,flight
what are the flights between washington dc and columbus ohio,flight,flight
what are the fares for all flights between washington and columbus,airfare,airfare
at the charlotte airport how many different types of aircraft are there for us air,aircraft,aircraft
list all us air flights arriving in charlotte on saturday at 1 pm,flight,city
what is the first class round trip airfare from <unk> indianapolis to memphis,airfare,airfare
list all flights from memphis to miami,flight,distance
list all flights and their fares from indianapolis to memphis on a monday morning,flight+airfare,flight+airfare
list all flights and their fares from memphis to miami on a wednesday evening,flight+airfare,flight+airfare
list all flights and their fares for all flights between miami and indianapolis,flight+airfare,flight+airfare
list all flights from cleveland to kansas city on monday,flight,flight
list all flights from kansas city to cleveland,flight,flight
list all flights from cleveland to nashville,flight,flight
list all flights from nashville to cleveland on sunday,flight,flight
list all sunday flights from cleveland to nashville and their fares,flight+airfare,flight+airfare
what airlines are departing from baltimore,airline,airline
which airlines fly from baltimore to san francisco,airline,airline
how long does a flight from baltimore to san francisco take,distance,flight_time
which flights are leaving from kansas city to atlanta early monday morning,flight,flight
which flights are leaving atlanta and arriving in st. louis close to 230 pm on tuesday,flight,flight
please list flights from st. louis to st. paul which depart after 10 am thursday morning,flight,flight
list flights from st. paul to kansas city friday in the evening with a meal <unk>,flight,flight
list early morning flights from cincinnati to tampa,flight,flight
list early evening flights from tampa to cincinnati,flight,flight
list evening flights from tampa to cincinnati,flight,flight
list flights from philadelphia to atlanta friday am,flight,quantity
list flights from atlanta to toronto friday afternoon,flight,flight
list flights from toronto to washington dc saturday am,flight,flight
list flights from washington dc to philadelphia saturday pm,flight,flight
list direct flights from new york city to los angeles after 10 am,flight,flight
list the airfare for american airlines flight 19 from jfk to lax,<unk_intent>,<unk_intent>
what is fare code m,abbreviation,abbreviation
list the distance in <unk> from boston airport to downtown boston,distance,distance
list the distance in <unk> from new york 's la guardia airport to downtown new york city,distance,distance
list the distance in <unk> from toronto international airport to downtown toronto,distance,distance
list the distance in <unk> from san francisco international airport to san francisco downtown,distance,distance
list limousine rates for the city of boston,ground_fare,ground_fare
list american airlines flights from houston to milwaukee departing friday pm,flight,flight
list flights from houston to milwaukee friday pm,flight,flight
list american airlines flights from milwaukee to san jose wednesday,flight,flight
list american airlines flights from san jose to dallas friday afternoon,flight,flight
list flights from dallas to houston arriving sunday afternoon,flight,flight
list airlines flying from seattle to salt lake city,airline,airline
what is the seating capacity for aircraft <unk>,capacity,capacity
what is the seating capacity for delta <unk>,capacity,capacity
list flights from seattle to salt lake city on delta <unk>,flight,flight
list flights from seattle to salt lake city on delta <unk>,flight,aircraft
list flights from boston to pittsburgh daily,flight,ground_service
list flights from pittsburgh to newark daily,flight,flight
list flights from newark to boston daily,flight,flight
list us air flights leaving saturday from charlotte airport at 1 pm,flight,flight
list us air flights leaving saturday from charlotte airport around 1 pm,flight,flight
list first class airfare round trip from indianapolis to memphis,airfare,airfare
what is fare code f,abbreviation,abbreviation
list flights from memphis to miami wednesday evening,flight,flight
list flights from miami to indianapolis sunday,flight,flight
list flights from ontario california to orlando florida,flight,flight
list flights from ontario california to salt lake city utah,flight,flight
list flights from ontario california to salt lake city utah monday,flight,meal
list flights from salt lake city utah to phoenix arizona monday,flight,flight
list flights from salt lake city to phoenix arizona tuesday,flight,flight
list flights from phoenix arizona to ontario california wednesday,flight,flight
what airlines fly from baltimore to san francisco,airline,airline
what is the fare for a first class round trip ticket from detroit to st. petersburg,airfare,airfare
what is the airfare for a round trip first class ticket from detroit to st. petersburg,airfare,airfare
kansas city to atlanta monday morning flights,flight,flight
monday morning flights from atlanta to kansas city,flight,flight
kansas city to atlanta monday morning flights,flight,flight
atlanta to st. louis tuesday before 230 pm flights,flight,flight
st. louis to st. paul thursday after 10 am,flight,flight
st. paul to kansas city friday night,flight,abbreviation
cleveland to kansas city arrive monday before 3 pm,flight,flight
kansas city to cleveland flight arrive wednesday before 5 pm,flight,quantity
cleveland to nashville flight friday morning,flight,flight
nashville to cleveland sunday before 9,flight,distance
first class flights pittsburgh to newark monday morning,flight,flight
flights newark to los angeles wednesday morning,flight,flight
los angeles to minneapolis thursday afternoon,flight,flight
minneapolis to pittsburgh flight,flight,flight
minneapolis to pittsburgh first class flight,flight,flight
i would like flights leaving from milwaukee to orlando,flight,flight
what does hp stand for,abbreviation,abbreviation
i would like flights from ontario to tacoma,flight,flight
i would like flights from minneapolis to san diego,flight,flight
i would like flights from salt lake city to cincinnati,flight,flight
i would like to see flights from cincinnati to salt lake city,flight,flight
i 'd like flights from new york to miami,flight,flight
i would like flights from miami to new york,flight,flight
i would like a flight leaving san francisco for san diego,flight,flight
i would like flights from san diego to las vegas,flight,flight
i would like a flight from san diego to las vegas,flight,flight
i would like flights from las vegas to san francisco,flight,flight
what does fare code <unk> mean,abbreviation,abbreviation
i would like to have the airline that flies toronto detroit and st. louis,airline,airline
i would like a flight from toronto to detroit,flight,flight
i would like a flight from detroit to st. louis,flight,flight
i would like a flight from toronto to st. louis,flight,flight
i would like flights from san francisco to long beach,flight,flight
i would like flights leaving san francisco to san diego,flight,flight
i would like a flight from san francisco to st. petersburg,flight,flight
show me a one way flight from milwaukee to orlando leaving wednesday afternoon after 6 pm,flight,flight
show me one way flights from milwaukee to orlando on wednesday,flight,abbreviation
show me flights from columbus to chicago first class that leave before 10 am,flight,flight
show me the cheapest round trip between st. petersburg and detroit that arrives before 7 pm,flight,flight
show me nonstop flights from kansas city to phoenix,flight,flight
what is airline <unk>,airline,airline
show me the cheapest first class round trip from new york to miami,flight,ground_service
now show me all the round trips from new york to miami,flight,flight
show me the cheapest one way flight from san francisco to houston,flight,flight
now show me the cheapest one way flight from houston to boston,flight,flight
show me the cheapest round trip fares from houston to boston,airfare,airfare
show me the cheapest round trip fares from san francisco to houston,airfare,airfare
show me the cheapest round trip fare from san francisco to houston on february twenty eighth <unk>,airfare,airfare
show me the cheapest one way fare from san francisco to houston on february twenty eighth <unk>,airfare,airfare
now show me ground transportation in houston on monday afternoon,ground_service,ground_service
now show me one way flights from houston to boston,flight,flight_time
and now show me ground transportation that i could get in boston late night,ground_service,ground_service
show me airlines that have flights between toronto and detroit between detroit and st. louis and between st. louis and toronto,airline,airline
show me round trip fares from toronto to detroit on delta northwest us air and united airlines,airfare,airfare
show me flights between detroit and st. louis on delta northwest us air and united airlines,flight,flight
show me flights from montreal to orlando and long beach,flight,flight
show me flights from montreal to orlando,flight,flight
i need a flight on friday afternoon in june from new york to cleveland,flight,flight
i need a flight from new york to los angeles on saturday evening on us air,flight,flight
i 'd like a red eye flight from new york to los angeles on saturday evening on us air,flight,flight
i 'd like a flight from new york to los angeles on saturday morning on us air,flight,flight
i need a flight from san francisco to milwaukee on monday morning,flight,flight
what does ua mean,abbreviation,abbreviation
i need a flight from milwaukee to washington dc on monday night,flight,flight
how about flights from milwaukee to washington dc on tuesday mornings,flight,flight
what meals are there on flight <unk> from milwaukee to washington dc on tuesday morning,meal,meal
i 'll need to rent a car in washington dc,ground_service,ground_service
can i get a flight on tuesday night from washington dc to oakland,flight,meal
how about from dc to oakland on wednesday morning,flight,flight
how much does it cost to fly on twa from columbus to milwaukee,airfare,airfare
what does q mean,abbreviation,abbreviation
how much does it cost to fly from columbus to st. louis round trip on twa,airfare,airfare
what 's the cheapest flight from columbus to st. louis round trip on twa,flight,flight
what 's the cheapest round trip flight on twa from columbus to st. paul,flight,flight
i want to fly from milwaukee to los angeles,flight,flight
can i get the shortest flight from milwaukee to orlando,flight,flight
what is the shortest flight from milwaukee to long beach,flight,flight
what does m mean,abbreviation,abbreviation
what does ap 57 mean,abbreviation,abbreviation
what is the shortest flight from milwaukee to st. petersburg,flight,flight
what is the shortest flight from milwaukee to long beach,flight,flight
what is the shortest flight from milwaukee to san diego,flight,flight
what does ap <unk> mean,abbreviation,abbreviation
can i get a flight today from san francisco to detroit michigan,flight,flight
what 's the cheapest flight from san francisco to detroit today,flight,aircraft
i want to fly from san francisco to milwaukee and from milwaukee to denver,flight,flight
what 's the cheapest flight from san francisco to milwaukee,flight,flight
i need to rent a car in milwaukee,ground_service,ground_service
what 's the cheapest flight tomorrow from milwaukee to denver,flight,flight
what ground transportation is available at denver,ground_service,ground_service
what 's the cheapest flight from san francisco to denver,flight,flight
what flights leave from cleveland and go to dallas,flight,flight
show me all nonstop flights from st. petersburg to charlotte,flight,flight
what airline is us,airline,airline
show me flights between toronto and san diego,flight,flight
what is <unk>,abbreviation,abbreviation
what is <unk>,abbreviation,abbreviation
show me the flights between oakland and salt lake city,flight,flight
what does <unk> sa mean,abbreviation,abbreviation
what is the earliest daily flight between oakland and salt lake city,flight,flight
what airline is dl,airline,airline
what is the latest daily flight between oakland and salt lake city,flight,flight
show me the flights between los angeles and dallas,flight,flight
what ground transportation is available from dallas fort worth airport to downtown dallas,ground_service,ground_service
how many passengers can an <unk> aircraft hold,capacity,capacity
what is the seating capacity of a <unk>,capacity,capacity
what are the flights between dallas and phoenix,flight,airport
what ground transportation is available between phoenix airport and downtown phoenix,ground_service,capacity
what is the seating capacity for the aircraft m80,capacity,capacity
are there any flights between dallas and phoenix using a dc10 aircraft,flight,flight
what airline is aa,airline,airline
show me the flights between milwaukee and indiana,flight,flight
what are the flights between milwaukee and pittsburgh,flight,flight
what ground transportation is available between pittsburgh airport and downtown pittsburgh,ground_service,ground_service
show me the flights between pittsburgh and washington dc,flight,flight
what ground transportation is available between <unk> and downtown washington,ground_service,ground_service
what are the flights between <unk> and milwaukee,flight,flight
what ground transportation is available between milwaukee airport and downtown milwaukee,ground_service,ground_service
determine the type of aircraft used on a flight from cleveland to dallas that leaves before noon,aircraft,ground_service
find a flight between st. petersburg and charlotte the flight should leave in the afternoon and arrive as soon after 5 pm as possible it should be a nonstop flight,flight,flight
list a flight on delta airlines from toronto to san diego,flight,flight
list a flight on american airlines from toronto to san diego,flight,flight
list a flight from toronto to san diego,flight,flight
list flights from oakland to salt lake city leaving after 1700 wednesday,flight,flight
list flights from oakland to salt lake city leaving after midnight thursday,flight,flight
list flights between phoenix and las vegas,flight,flight
list flights from las vegas to denver,flight,distance
list flights from milwaukee to washington dc before 1200,flight,flight
list flights from washington dc to pittsburgh leaving after <unk>,flight,flight
list flights from washington dc to pittsburgh,flight,flight
list flights between pittsburgh and milwaukee,flight,airport
i 'd like a flight to san diego from washington dc,flight,flight
i 'd like to fly from cleveland to dallas,flight,flight
i want to fly from washington dc to phoenix arizona,flight,flight
i need a flight from phoenix to atlanta,flight,flight
i would like to fly from atlanta to san diego,flight,flight
i would like to fly from san diego to seattle,flight,flight
i would like to fly from orlando to kansas city,flight,flight
i need a flight from kansas city to minneapolis,flight,flight
i need a flight from san diego to washington dc,flight,flight
i need a flight from washington dc to san diego,flight,flight
i need a round trip flight from san diego to washington dc and the fares,flight+airfare,flight+airfare
i need a round trip from atlanta to washington dc and the fares leaving in the morning,flight+airfare,flight+airfare
i need a round trip from phoenix to washington dc and the fare leaving in the morning,flight+airfare,flight+airfare
what is the lowest fare for a flight from washington dc to boston,airfare,capacity
what is the lowest fare from washington dc to montreal,airfare,airfare
what is the lowest fare from toronto to washington dc,airfare,airfare
i want a flight from montreal to washington dc,flight,flight
i want a flight from nashville to seattle that arrives no later than 3 pm,flight,flight
i want a flight from memphis to seattle that arrives no later than 3 pm,flight,flight
i need a flight from indianapolis to seattle arriving in seattle at 1205 pm,flight,flight
i want a flight round trip from memphis to seattle,flight,flight
i want to fly from nashville to seattle and i want the cheapest fare round trip,flight,flight
i want to fly from memphis to seattle round trip with the cheapest fare,flight,flight
i want to fly from indianapolis to seattle round trip with the cheapest fare,flight,flight
please list flights from orlando to philadelphia,flight,flight
please list flights from san francisco to charlotte,flight,flight
please list flights from milwaukee to philadelphia,flight,flight
please list flights from philadelphia to san francisco,flight,flight
please show ground transportation to milwaukee,ground_service,ground_service
please list flights from san francisco to milwaukee,flight,flight
list flights from houston to denver,flight,flight
list flights from houston to phoenix,flight,flight
list flights from phoenix to houston,flight,flight
list flights from newark to houston,flight,flight
show flights from denver to houston,flight,flight
show flights from st. petersburg to charlotte,flight,flight
show flights from orlando to kansas city,flight,flight
show flights from kansas city to minneapolis,flight,capacity
show flights from kansas city to orlando,flight,abbreviation
show flights from minneapolis to kansas city,flight,flight
show flights from kansas city to orlando,flight,flight
list flights from washington dc to boston,flight,flight
list fares from washington dc to montreal,airfare,airfare
list flights from washington dc to montreal,flight,ground_service
list fares from washington dc to toronto that should be <unk>,airfare,airfare
list fares from washington dc to boston,airfare,airfare
list flights from washington dc to montreal,flight,flight
list flights from washington dc to toronto,flight,flight
list flights from toronto to washington dc,flight,flight
list flights from oakland to salt lake city,flight,flight
what flights go from dallas to phoenix,flight,city
what flights go from phoenix to salt lake city,flight,flight
i need an early flight from milwaukee to denver,flight,flight
what types of ground transportation are available in denver,ground_service,ground_service
what flights go from denver to st. louis on tuesday morning,flight,flight
is ground transportation available in st. louis,ground_service,ground_service
i need to fly from st. louis to milwaukee on wednesday afternoon,flight,flight
flights from washington to seattle,flight,flight
flights from atlanta to seattle,flight,flight
flights from san diego to seattle,flight,flight
i would like flight information from phoenix to denver,flight,flight
could i have flight information on flights from salt lake city to phoenix please,flight,flight
could i have flight information on flights from pittsburgh to phoenix please,flight,flight
i would like information on flights leaving from washington dc to denver,flight,flight
i need information on flights from washington to boston that leave on a saturday,flight,flight
i need the flights from washington to montreal on a saturday,flight,flight
i need the fares on flights from washington to toronto on a saturday,airfare,airfare
i want to go from boston to washington on a saturday,flight,flight
i need a flight from cleveland to dallas that leaves before noon see if too much information,flight,flight
get fares from washington to boston,airfare,airport
get saturday fares from washington to boston,airfare,airfare
get fares from washington to montreal,airfare,airfare
get saturday fares from washington to montreal,airfare,airfare
get saturday fares from washington to toronto,airfare,airfare
get the saturday fare from washington to toronto,airfare,airfare
list saturday flights from washington to boston,flight,flight
list saturday flights from boston to washington,flight,flight
get flights from milwaukee to <unk>,flight,flight
list flights from milwaukee to detroit,flight,flight
get flights from detroit to toronto,flight,flight
get flights from toronto to milwaukee,flight,flight
get last flight from oakland to salt lake city on wednesday or first flight from oakland to salt lake city on thursday,flight,flight
get first flight from oakland to salt lake city on thursday,flight,flight
get last flight from oakland to salt lake city on wednesday,flight,flight
list last wednesday flight from oakland to salt lake city,flight,capacity
get flight from toronto to san diego stopping at <unk>,flight,flight
get flights between st. petersburg and charlotte,flight,flight
i need a flight from milwaukee to indianapolis leaving monday before 9 am,flight,flight
i need a flight departing from milwaukee to indianapolis leaving monday before 8 am,flight,flight
is there ground transportation available at the indianapolis airport,ground_service,ground_service
i need flight information for a flight departing from indianapolis to cleveland departing tuesday at noon,flight,flight
i need flight information for a flight departing from cleveland to milwaukee wednesday after 6 pm,flight,airfare
i need flight information for flights departing from cleveland going back to milwaukee wednesday after 5 pm,flight,flight
i need flight information for flights departing from cleveland to milwaukee on wednesday after 5 pm,flight,flight
i need flight information for flights departing from cleveland to milwaukee on wednesday after 5 pm,flight,flight
i need a flight from denver to salt lake city on monday,flight,flight
is there ground transportation available at the denver airport,ground_service,ground_service
i need flight and airline information for a flight from denver to salt lake city on monday departing after 5 pm,<unk_intent>,<unk_intent>
is there ground transportation available at the salt lake city airport,ground_service,ground_service
i need a flight from salt lake city to phoenix departing wednesday after 5 pm,flight,flight
is there ground transportation available at the phoenix airport,ground_service,ground_service
i need a flight from oakland to salt lake city on wednesday departing after 6 pm,flight,flight
i need flight and fare information for thursday departing <unk> to 9 am from oakland going to salt lake city,flight+airfare,meal
i need flight and fare information departing from oakland to salt lake city on thursday before 8 am,flight+airfare,flight+airfare
i need flight numbers and airlines for flights departing from oakland to salt lake city on thursday departing before 8 am,<unk_intent>,<unk_intent>
i need flight numbers for those flights departing on thursday before 8 am from oakland going to salt lake city,flight_no,airline
list airports in arizona nevada and california please,airport,airport
list california nevada arizona airports,airport,airport
list the arizona airport,airport,airport
list california airports,airport,airport
list flights from las vegas to phoenix,flight,capacity
list california airports,airport,airport
list airports,airport,airport
list wednesday night flights from oakland to salt lake city,flight,flight
list flights from oakland to salt lake city before 6 am thursday morning,flight,flight
which airlines fly between toronto and san diego,airline,airline
please list afternoon flights between st. petersburg and charlotte,flight,flight
what is <unk>,abbreviation,airport
what are the flights from cleveland to dallas,flight,flight
please list only the flights from cleveland to dallas that leave before noon,flight,flight
what type of aircraft are flying from cleveland to dallas before noon,aircraft,aircraft
i need information on flights from indianapolis to seattle,flight,flight
i need a flight from memphis to seattle,flight,flight
i need a ticket from nashville to seattle,airfare,airfare
i need a ticket from nashville tennessee to seattle,airfare,flight_time
i need flight information from milwaukee to tampa,flight,flight
i need to rent a car at tampa,ground_service,airport
i need a daily flight from st. louis to milwaukee,flight,flight
i need flights departing from oakland and arriving salt lake city,flight,flight
i need information on flights from toronto to san diego,flight,flight
i need information on flights from toronto to san diego,flight,flight
i want a flight from toronto to san diego,flight,flight
i need information on flights between st. petersburg and charlotte,flight,flight
i need the flight numbers of flights leaving from cleveland and arriving at dallas,flight_no,flight_no
which flights go from new york to miami and back,flight,flight
what does fare code qo mean,abbreviation,abbreviation
show me flights from milwaukee to orlando one way,flight,flight
what the abbreviation us stand for,abbreviation,abbreviation
i 'd like a one way ticket from milwaukee to orlando either wednesday evening or thursday morning,airfare,airfare
show me flights from milwaukee to orlando,flight,flight
what does fare code f mean,abbreviation,abbreviation
what does fare code h mean,abbreviation,abbreviation
what does fare code y mean,abbreviation,abbreviation
what are restrictions ap 57,abbreviation,abbreviation
please show me first class flights from indianapolis to memphis one way leaving before 10 am,flight,flight
now show me all round trip flights from burbank to seattle that arrive before 7 pm in seattle,flight,flight_time
round trip flights from orlando to montreal please,flight,capacity
what airline is dl,airline,airline
show me all delta airlines flights from montreal to orlando,flight,capacity
show me all flights from orlando to montreal please,flight,flight
which airline is <unk>,airline,city
please list all flights from new york to miami any any type of class,flight,flight
what does fare code <unk> mean,abbreviation,abbreviation
show me a return flight from miami to jfk please,flight,flight
what does fare code <unk> mean,abbreviation,airfare
what does fare code <unk> mean,abbreviation,abbreviation
what does fare code <unk> mean,abbreviation,aircraft
what does fare code <unk> mean,abbreviation,flight_no
show me one way flights from milwaukee to orlando after 6 pm on wednesday,flight,flight
show me the flights from indianapolis to memphis,flight,flight
show me round trip flights from burbank to seattle,flight,flight
show me round trip flights from orlando to montreal,flight,flight
show me nonstop flights from montreal to orlando,flight,flight
show me round trips between montreal and orlando,flight,flight
show me round trip flights from montreal to orlando,flight,flight
show me the cheapest one way flights from montreal to orlando,flight,flight
show me the cheapest one way flights from orlando to montreal,flight,flight
show me the cheapest economy flights from miami to new york,flight,aircraft
kansas city to las vegas economy,flight,flight
kansas city to las vegas economy,flight,flight
what airline is hp,airline,airline
ground transportation in las vegas,ground_service,distance
ground transportation for las vegas,ground_service,ground_service
las vegas to baltimore economy,flight,flight
las vegas to baltimore economy,flight,flight
baltimore to kansas city economy,flight,flight
what airline is us,airline,airline
which airline is us,airline,airline
which airline is us,airline,airline
which airline is us,airline,airport
which airline is us,airline,airline
columbus to chicago one way before 10 am,flight,flight
what airline is hp,airline,airline
st. petersburg to detroit,flight,flight
from milwaukee to orlando one way after 5 pm wednesday,flight,flight
and from milwaukee to atlanta before 10 am daily,flight,flight_time
what airline is <unk>,airline,airline
show me all flights from san jose to phoenix,flight,flight
show me all flights from san jose to phoenix,flight,flight
what airline is hp,airline,airline
show me ground transportation in phoenix,ground_service,ground_service
show me flights from phoenix to fort worth,flight,flight
show me ground transportation in fort worth,ground_service,ground_service
show me flights from fort worth to san jose,flight,flight
show me first class flights from new york to miami round trip,flight,flight
show me first class flights from new york to miami round trip,flight,flight
show me all round trip flights from new york to miami nonstop,flight,flight
show me all round trip flights from miami to new york nonstop,flight,flight
show me one way flights from indianapolis to memphis before 10 am on any day,flight,flight
what does fare code f mean,abbreviation,abbreviation
show me round trip flights from burbank to tacoma,flight,flight
what does the restriction <unk> mean,abbreviation,abbreviation
what does fare code h mean,abbreviation,airline
what airline is as,airline,capacity
what airline is as,airline,airline
what airline is as,airline,airline
what airline is as as in <unk>,airline,airline
show me nonstop flights from st. petersburg to toronto,flight,flight
show me nonstop flights from toronto to st. petersburg,flight,flight
show me the nonstop flights and fares from toronto to st. petersburg,flight+airfare,flight+airfare
show me the nonstop flights from toronto to st. petersburg,flight,flight
show me weekday flights from milwaukee to orlando one way,flight,flight
show me weekday flights from milwaukee to orlando one way,flight,flight
what airline is hp,airline,airline
list flights from chicago to san diego,flight,flight
list flights from chicago to san diego,flight,airline
list flights from kansas city to denver,flight,flight
list flights from denver to phoenix,flight,flight
list flights from phoenix to las vegas,flight,aircraft
list flights from las vegas to san diego,flight,flight
list flights from chicago to kansas city in the morning,flight,flight
list flights from houston to san jose,flight,flight
list flights from houston to milwaukee,flight,flight
list flights from milwaukee to san jose on wednesday,flight,flight
list flights from san jose to dallas on friday,flight,flight
list flights from dallas to houston,flight,flight
list distance from airports to downtown in new york,distance,capacity
list airports in new york,airport,airport
list airports in new york,airport,flight_time
list airports in la,airport,airport
list airports,airport,airport
list airports in la,airport,airport
list airports in la,airport,airport
list the airports in la,airport,airport
list la,city,city
list la,city,city
list flights from new york to la,flight,flight
list flights from la guardia to burbank,flight,flight
list flights from la to orlando,flight,flight
list flights from ontario california to orlando,flight,flight
list flights from ontario california to orlando,flight,flight
list flights from indianapolis to memphis with fares on monday,flight,flight
list flights from indianapolis to memphis on monday,flight,flight
list flights from memphis to miami on wednesday,flight,flight
list flights from miami to indianapolis on sunday,flight,flight
list flights from charlotte on saturday afternoon,flight,flight_time
list type of aircraft for all flights from charlotte,aircraft,aircraft
list flights and fares from tacoma to orlando round trip leaving saturday returning next saturday,flight+airfare,airport
what class is fare code q,abbreviation,abbreviation
list flights from orlando to tacoma on saturday of fare <unk> code of q,flight,flight
list airfares for first class round trip from detroit to st. petersburg,airfare,airfare
list coach round trip airfare from detroit to st. petersburg,airfare,airfare
list flights from pittsburgh to newark on monday morning,flight,flight
list flights from minneapolis to pittsburgh on friday,flight,flight
list flights before 9 am from cincinnati to tampa,flight,flight
list flights from cincinnati to tampa before noon,flight,flight
list flights from tampa to cincinnati after 3 pm,flight,flight
list airlines that fly from seattle to salt lake city,airline,airline
list delta flights from seattle to salt lake city,flight,flight
list seating capacities of delta flights from seattle to salt lake city,capacity,city
list delta flights from seattle to salt lake city with aircraft type,flight,flight
what ground transportation is there in baltimore,ground_service,ground_fare
list ground transportation in baltimore,ground_service,ground_service
list flights from baltimore to san francisco on friday,flight,flight
give me the flights from los angeles to pittsburgh on tuesday,flight,flight
give me the flights from pittsburgh to los angeles thursday evening,flight,flight
give me the round trip flights from cleveland to miami next wednesday,flight,flight
give me the fares for round trip flights from cleveland to miami next wednesday,airfare,airfare
give me the flights and fares for a trip to cleveland from miami on wednesday,flight,flight
give me the fares from miami to cleveland next sunday,airfare,airfare
give me the flights from milwaukee to phoenix on saturday or sunday on american airlines,flight,flight
give me the flights from phoenix to milwaukee on wednesday evening,flight,flight
give me the flights from phoenix to milwaukee on wednesday on american airlines,flight,flight
give me the flights from phoenix to milwaukee on american airlines,flight,flight
give me the flights from phoenix to milwaukee,flight,flight
give me the meal flights departing early saturday morning from chicago to seattle nonstop,flight,flight
give me the flights from chicago to seattle saturday morning that have meals,flight,flight
give me flights from seattle to chicago that have meals on continental,flight,flight
give me the flights from seattle to chicago that have meals on continental saturday morning,flight,flight
give me the flights from chicago to seattle on continental that have meals early saturday morning,flight,flight
give me a <unk> of continental flights from chicago to seattle that have meals early saturday morning,flight,city
give me the saturday morning flights with meals from chicago to minneapolis,flight,flight
give me the saturday morning flights on continental that have meals from chicago to minneapolis,flight,flight
give me the saturday morning flights from chicago to st. paul on continental that have meals,flight,flight
give me the flights from new york to las vegas nonstop,flight,flight
give me the flights from memphis to las vegas nonstop,flight,flight
give me the cheapest round trip flights from indianapolis to orlando around december twenty fifth,flight,flight
i need a friday flight from newark to tampa,flight,flight
i need a sunday flight from tampa to charlotte,flight,flight
give me a flight from charlotte to baltimore on tuesday morning,flight,flight
can i have a morning flight from baltimore to newark please,flight,flight
cheapest round trip fare from or indianapolis to orlando on december twenty fifth,airfare,airfare
cheapest one way fare from indianapolis to orlando on december twenty seventh,airfare,airfare
flight number from dallas to houston,flight_no,flight_no
flight number from houston to dallas,flight_no,flight_no
saturday flight on american airlines from milwaukee to phoenix,flight,flight
flight numbers on american airlines from phoenix to milwaukee,flight_no,flight_no
flight numbers from chicago to seattle,flight_no,flight_no
flight numbers from chicago to seattle on continental,flight_no,flight_no
flight numbers from seattle to chicago on continental,flight_no,flight_no
is there a fare from pittsburgh to cleveland under 200 dollars,airfare,airfare
how much is coach flight from pittsburgh to atlanta,airfare,aircraft
newark to tampa on friday,flight,flight
tampa to charlotte sunday morning,flight,city
charlotte to baltimore on tuesday,flight,flight
baltimore to newark wednesday morning,flight,flight
dallas to houston after <unk> am,flight,flight
houston to dallas before midnight,flight,flight
indianapolis to orlando december twenty seventh,flight,flight
cheapest fare from indianapolis to orlando on the twenty seventh of december,airfare,airfare
cheapest fare round trip from indianapolis to orlando on december twenty seventh,airfare,airfare
cleveland to miami on wednesday arriving before 4 pm,flight,aircraft
miami to cleveland sunday afternoon,flight,flight
new york city to las vegas and memphis to las vegas on sunday,flight,flight
new york city to las vegas and memphis to las vegas on sunday,flight,flight
new york to las vegas sunday afternoon,flight,flight
memphis to las vegas sunday afternoon,flight,flight
new york to las vegas on sunday afternoon,flight,flight
chicago to seattle saturday morning,flight,flight
chicago to las vegas saturday morning,flight,flight
los angeles to pittsburgh afternoon tuesday,flight,flight
los angeles to pittsburgh afternoon on monday,flight,flight
pittsburgh to los angeles thursday evening,flight,flight
milwaukee to phoenix on saturday,flight,flight
phoenix to milwaukee on sunday,flight,flight
phoenix to milwaukee on wednesday,flight,flight
a flight from baltimore to san francisco arriving between 5 and 8 pm,flight,flight
how many northwest flights leave st. paul,flight,flight
how many northwest flights leave washington dc,flight,flight
how many flights does northwest have leaving dulles,flight,flight
what cities does northwest fly out of,city,city
list the cities from which northwest flies,city,city
what cities does northwest fly to,city,city
i would like a connecting flight from dallas to san francisco leaving after 4 o'clock,flight,flight
please list all the flights from dallas to san francisco,flight,flight
tell me again the morning flights on american airlines from philadelphia to dallas,flight,flight
tell me the flights that leave philadelphia and go to dallas,flight,flight
what is a d9s,abbreviation,abbreviation
what type of plane is a d9s,aircraft,aircraft
what is a d9s,abbreviation,abbreviation
show me the airports serviced by tower air,airport,airport
show me the first class and coach flights between jfk and orlando,flight,capacity
show me the first class and coach flights from <unk> airport to miami,flight,flight
show me the first class and coach flights from jfk to miami,flight,aircraft
are meals <unk> served on tower air,meal,abbreviation
are <unk> served on tower air,meal,meal
show delta airlines flights from jfk to miami,flight,flight
show delta airlines from boston to salt lake,flight,flight
show delta airlines flights from boston to salt lake,flight,flight
show delta airlines flights from boston to salt lake city,flight,flight
what are the fares for flights between boston and washington dc,airfare,airfare
what is the least expensive fare from boston to salt lake city,airfare,airfare
what are the lowest fares from washington dc to salt lake city,airfare,airport
what is the lowest fare from bwi to salt lake city,airfare,airfare
show me the cost of a first class ticket from detroit to las vegas and back,airfare,flight_no
what is the earliest arriving flight from boston to washington dc,flight,flight
what is the earliest arriving flight between boston and washington dc,flight,flight
what 's the earliest arriving flight between boston and washington dc,flight,flight
what is the earliest arriving flight from houston to orlando,flight,flight
what is the earliest arriving flight from houston to orlando,flight,flight
show me the flights between houston and orlando,flight,flight
show me the flights between houston and orlando,flight,flight
show me the flights from houston to orlando,flight,flight
list all flights leaving denver between 8 pm and 9 pm,flight,flight
what is the seating capacity on the aircraft 733,capacity,capacity
what is the seating capacity of a 72s,capacity,capacity
what is the seating capacity of the aircraft 72s,capacity,capacity
what is the seating capacity of the aircraft m80,capacity,airline
what is the seating capacity of the type of aircraft m80,capacity,capacity
what is the seating capacity of an m80,capacity,meal
what airlines serve denver,airline,airline
list the airlines with flights to or from denver,airline,airline
what airlines fly into denver,airline,airline
list all flights arriving in denver between 8 and 9 pm,flight,flight_time
what is the capacity of the 73s,capacity,capacity
what is 73s,abbreviation,abbreviation
what is seating capacity on the aircraft 73s,capacity,capacity
what is the seating capacity of a 757,capacity,capacity
how many people will a 757 hold,capacity,ground_fare
how many passengers can fly on a 757,capacity,capacity
list all of the daily flights arriving in denver between 8 and 9 pm,flight,flight
list all of the daily flights arriving in denver from 8 to 9 pm,flight,flight
show me all of the daily flights arriving in denver between 8 pm and 9 pm,flight,flight
what is the seating capacity of the 757,capacity,flight_time
tell me about the m80 aircraft,aircraft,aircraft
tell me about the m80 aircraft,aircraft,airport
tell me about the type of aircraft <unk> an m80,aircraft,aircraft
what is the seating capacity of the 733,capacity,capacity
what is the seating capacity of the m80,capacity,capacity
what is the seating capacity on the aircraft m80,capacity,aircraft
list all flights arriving or leaving denver between 8 and 9 pm,flight,flight
list all flights arriving in denver between 8 and 9 pm,flight,flight
list all flights on all types of aircraft arriving in denver between 8 and 9 pm,flight,ground_service
please list all flights from nashville to memphis on monday morning,flight,flight
please list the flights from nashville to memphis on monday morning,flight,flight
is there ground transportation from the memphis airport into town when if i arrive at <unk> in the morning,ground_service,ground_service
please list the flights from memphis to new york city on a monday night,flight,flight
what is <unk>,abbreviation,abbreviation
what ground transportation is available from la guardia airport into new york city,ground_service,ground_service
is there ground transportation from <unk> into new york city,ground_service,ground_service
please list the ground transportation from <unk> into new york city,ground_service,ground_service
please list ground transportation from ewr into new york city,ground_service,ground_service
show me the morning flights from memphis to new york city,flight,flight_time
give me the flights from new york city to nashville leaving after 5 pm on wednesday,flight,flight
tell me about the ground transportation from nashville airport,ground_service,ground_service
what are the nonstop flights from cincinnati to charlotte leaving after noon and arriving before 7 pm,flight,flight
how many flights does alaska airlines have to burbank,flight,flight
list the alaska airline flights from burbank to anywhere,flight,flight
list the alaska airline flights from burbank,flight,flight
which airline is as,airline,airline
list the alaska airlines flights arriving in burbank,flight,flight
list the alaska airlines flights a departing from burbank,flight,flight
list all alaska airlines flights,flight,flight
list all flights departing from seattle,flight,flight
list the flights from indianapolis to memphis that leave before noon,flight,flight
list the cheapest fare from charlotte to las vegas,airfare,airfare
i want a flight from los angeles to charlotte early in the morning,flight,airfare
i would like a morning flight from charlotte to newark,flight,flight
i 'd like a morning flight from newark to los angeles,flight,flight
i 'd like an evening flight from newark to los angeles,flight,flight
i would like a flight that leaves on sunday from montreal quebec to san diego california,flight,flight
i would like a flight on tuesday which leaves from san diego to indianapolis indiana and that leaves in the afternoon,flight,flight
i would like to leave thursday morning from indianapolis to toronto,flight,flight
i would like a flight on friday morning from toronto to montreal,flight,flight
i would like a flight from cincinnati to burbank on american,flight,flight
what type of aircraft is used for the american flight leaving at <unk> pm,aircraft,aircraft
i need a flight leaving kansas city to chicago leaving next wednesday and returning the following day,flight,flight
what flights go from long beach to st. louis,flight,flight
what are the flights from memphis to las vegas,flight,flight
what are the flights from las vegas to ontario,flight,quantity
what are the flights from ontario to memphis,flight,flight
what type of ground transportation is there at the las vegas airport,ground_service,ground_service
is there taxi service at the ontario airport,ground_service,ground_service
what are the flights from tampa to milwaukee,flight,flight
what are the flights from milwaukee to seattle,flight,flight
what are the flights from la guardia to san jose on united,flight,flight
what are the flights on mondays that travel from charlotte north carolina to phoenix arizona,flight,flight
what are the flights from phoenix arizona to st. paul minnesota on tuesday,flight,flight
what are the flights on thursday leaving from st. paul minnesota to st. louis,flight,flight
what are the flights from st. louis to charlotte north carolina leaving on friday,flight,flight
what are the flights from boston to orlando that stop in new york,flight,flight
i need a morning flight from burbank to milwaukee on next monday,flight,airport
how about a flight from milwaukee to st. louis that leaves monday night,flight,flight
and a flight from st. louis to burbank that leaves tuesday afternoon,flight,abbreviation
how about a flight leaving tuesday night from st. louis to burbank,flight,flight
i need a flight from salt lake to newark airport that arrives on saturday before 6 pm,flight,flight
i 'd like a flight from cincinnati to newark airport that arrives on saturday before 6 pm,flight,flight
i need a flight on american airlines from miami to chicago that arrives around 5 pm,flight,flight
i need a flight from memphis to tacoma that goes through los angeles,flight,flight
what are the flights between cincinnati and san jose california which leave after 6 pm,flight,flight
what are the nonstop flights between san jose and houston texas,flight,flight
what are the nonstop flights between houston and memphis,flight,flight
what are the flights between memphis and cincinnati on wednesday,flight,flight
what are the american flights from newark to nashville,flight,quantity
the flights from ontario to westchester that stop in chicago,flight,flight
please list the flights from los angeles to charlotte,flight,flight
please list the flights from charlotte to newark,flight,flight
please list the flights from newark to los angeles,flight,flight
please list the flights from cincinnati to burbank on american airlines,flight,flight
please give me the flights from kansas city to chicago on june sixteenth,flight,flight
please give me the flights from chicago to kansas city on june seventeenth,flight,flight
please list all the flights from kansas city to chicago on june sixteenth,flight,flight
please list all the flights from chicago to kansas city on june seventeenth,flight,flight
i 'd like to travel from burbank to milwaukee,flight,flight
can you find me a flight from salt lake city to new york city next saturday before arriving before 6 pm,flight,flight
can you find me another flight from cincinnati to new york on saturday before 6 pm,flight,flight
can you list all of the delta flights from salt lake city to new york next saturday arriving before 6 pm,flight,flight
i 'd like to fly from miami to chicago on on american airlines arriving around 5 pm,flight,flight
i 'd like to travel from kansas city to chicago next wednesday,flight,flight
i 'd like a round trip flight from kansas city to chicago on wednesday may twenty sixth arriving at 7 pm,flight,flight
yes i 'd like to find a flight from memphis to tacoma stopping in los angeles,flight,flight
find flight from san diego to phoenix on monday am,flight,flight
find flight from phoenix to detroit on monday,flight,flight
find flight from detroit to san diego on tuesday,flight,aircraft
find flight from cincinnati to san jose on monday,flight,flight
find flight from san jose to houston on wednesday,flight,airfare
find flight from houston to memphis on friday,flight,flight
find flight from memphis to cincinnati on sunday,flight,flight
find american flight from newark to nashville around 630 pm,flight,flight
please find a flight round trip from los angeles to tacoma washington with a stopover in san francisco <unk> <unk> the price of 300 dollars for june tenth 1993,flight,flight_time
are there any flights on june tenth from burbank to tacoma,flight,flight
please find a flight from ontario to westchester that makes a stop in chicago on may seventeenth one way with dinner,flight,flight
like to book a flight from burbank to milwaukee,flight,airline
show me all the flights from burbank to milwaukee,flight,flight
find me all the flights from milwaukee to st. louis,flight,flight
now show me all the flights from st. louis to burbank,flight,flight
is there one airline that flies from burbank to milwaukee milwaukee to st. louis and from st. louis to burbank,airline,airline
find me all the round trip flights from burbank to milwaukee stopping in st. louis,flight,flight
i 'd like to book two flights to westchester county,flight,flight
i want to book a flight from salt lake city to westchester county,flight,flight
tell me all the airports near westchester county,airport,airport
i 'd like to book a flight from cincinnati to new york city on united airlines for next saturday,flight,flight
tell me all the airports in the new york city area,airport,airport
please find all the flights from cincinnati to any airport in the new york city area that arrive next saturday before 6 pm,flight,flight
find me a flight from cincinnati to any airport in the new york city area,flight,capacity
i 'd like to fly from miami to chicago on american airlines,flight,flight
i would like to book a round trip flight from kansas city to chicago,flight,flight
find me a flight that flies from memphis to tacoma,flight,flight
